id,tot_claim_cnt_l180d,disb_bank_loan_wo_tbc,day_sinlastloan
2925210.0,-3,-1,-1
2925211.0,24,-1,-1
2925212.0,-3,-1,-1
2925213.0,24,-1,-1
2925214.0,-3,-1,-1
2925215.0,24,-1,-1
2925216.0,24,-1,-1
2925217.0,-3,-1,-1
2925218.0,13,-1,288
2925219.0,-3,-1,-1
2925220.0,13,-1,288
2925221.0,-3,-1,-1
2925222.0,13,-1,288
2925223.0,-3,-1,-1
2925224.0,13,-1,288
2925225.0,-3,-1,-1
2925226.0,-3,-1,-1
2925227.0,13,-1,288
2925228.0,13,-1,288
2925229.0,-3,-1,-1
2925230.0,-3,-1,-1
2925231.0,5,2537851751,253
2925232.0,5,2537851751,253
2925233.0,-3,-1,-1
2925234.0,3,-1,-1
2925235.0,-3,-1,-1
2925236.0,3,-1,-1
2925237.0,-3,-1,-1
2925238.0,3,-1,-1
2925239.0,-3,-1,-1
2925240.0,3,-1,-1
2925241.0,-3,-1,-1
2925242.0,-3,-1,-1
2925243.0,4,559300000,158
2925244.0,4,559300000,158
2925245.0,-3,-1,-1
2925246.0,3,-1,-1
2925247.0,3,-1,-1
2925248.0,-3,-1,-1
2925249.0,-3,-1,-1
2925250.0,55,2176827289,38
2925251.0,-3,-1,-1
2925252.0,55,2176827289,38
2925253.0,-3,-1,-1
2925254.0,55,2176827289,38
2925255.0,-3,-1,-1
2925256.0,55,2176827289,38
2925257.0,-3,-1,-1
2925258.0,-3,-1,-1
2925259.0,-3,-1,-1
2925260.0,-3,-1,-1
2925261.0,-3,-1,-1
2925262.0,-3,-1,-1
2925263.0,-3,-1,-1
2925264.0,-3,-1,-1
2925265.0,-3,-1,-1
2925266.0,-3,-1,-1
2925267.0,-3,-1,-1
2925268.0,-3,-1,-1
2925269.0,-3,-1,-1
2925270.0,-3,-1,-1
2925271.0,-3,-1,-1
2925272.0,-3,-1,-1
2925273.0,-3,-1,-1
2925274.0,-3,-1,-1
2925275.0,-3,-1,-1
2925276.0,1,9905106700,69
2925277.0,1,9905106700,69
2925278.0,-3,-1,-1
2925279.0,6,1421662913,15
2925280.0,-3,-1,-1
2925281.0,6,1421662913,15
2925282.0,-3,-1,-1
2925283.0,6,1421662913,15
2925284.0,6,1421662913,15
2925285.0,-3,-1,-1
2925286.0,-3,-1,-1
2925287.0,-3,-1,-1
2925288.0,-3,-1,-1
2925289.0,-3,-1,-1
2925290.0,-3,-1,-1
2925291.0,-3,233087600,141
2925292.0,-3,-1,-1
2925293.0,-3,233087600,141
2925294.0,-3,-1,-1
2925295.0,-3,233087600,141
2925296.0,-3,-1,-1
2925297.0,-3,-1,-1
2925298.0,9,300000000,19
2925299.0,-3,-1,-1
2925300.0,-3,233087600,141
2925301.0,-3,-1,-1
2925302.0,-3,-1,-1
2925303.0,-3,-1,-1
2925304.0,-3,-1,-1
2925305.0,9,300000000,19
2925306.0,-3,-1,-1
2925307.0,-3,-1,-1
2925308.0,-3,-1,-1
2925309.0,-3,-1,-1
2925310.0,-3,-1,-1
2925311.0,2,-1,-1
2925312.0,9,300000000,19
2925313.0,-3,-1,-1
2925314.0,2,-1,-1
2925315.0,-3,-1,-1
2925316.0,9,300000000,19
2925317.0,-3,-1,-1
2925318.0,-3,-1,-1
2925319.0,2,-1,-1
2925320.0,-3,-1,-1
2925321.0,-3,-1,-1
2925322.0,2,-1,-1
2925323.0,-3,-1,-1
2925324.0,-3,-1,-1
2925325.0,-3,-1,-1
2925326.0,1,-1,-1
2925327.0,-3,-1,-1
2925328.0,-3,-1,-1
2925329.0,1,-1,-1
2925330.0,-3,-1,-1
2925331.0,1,-1,-1
2925332.0,1,-1,-1
2925333.0,1,-1,-1
2925334.0,-3,-1,-1
2925335.0,1,-1,-1
2925336.0,-3,-1,-1
2925337.0,-3,-1,-1
2925338.0,-3,-1,-1
2925339.0,-3,-1,-1
2925340.0,2,-1,-1
2925341.0,-3,-1,-1
2925342.0,-3,-1,-1
2925343.0,-3,-1,-1
2925344.0,2,-1,-1
2925345.0,-3,-1,-1
2925346.0,-3,-1,-1
2925347.0,-3,-1,-1
2925348.0,-3,-1,-1
2925349.0,-3,-1,-1
2925350.0,2,-1,-1
2925351.0,-3,-1,-1
2925352.0,2,-1,-1
2925353.0,-3,-1,-1
2925354.0,-3,-1,-1
2925355.0,-3,-1,-1
2925356.0,-3,-1,-1
2925357.0,-3,-1,-1
2925358.0,-3,-1,-1
2925359.0,-3,-1,-1
2925360.0,4,-1,-1
2925361.0,-3,-1,-1
2925362.0,4,-1,-1
2925363.0,-3,-1,-1
2925364.0,4,-1,-1
2925365.0,-3,-1,-1
2925366.0,4,-1,-1
2925367.0,-3,-1,-1
2925368.0,-3,-1,-1
2925369.0,-3,-1,-1
2925370.0,-3,-1,-1
2925371.0,-3,-1,-1
2925372.0,-3,-1,-1
2925373.0,-3,-1,-1
2925374.0,-3,-1,-1
2925375.0,-3,-1,-1
2925376.0,-3,-1,-1
2925377.0,-3,-1,-1
2925378.0,-3,-1,-1
2925379.0,-3,-1,-1
2925380.0,-3,-1,-1
2925381.0,-3,-1,-1
2925382.0,-3,-1,-1
2925383.0,-3,-1,-1
2925384.0,1,10308484000,22
2925385.0,1,10308484000,22
2925386.0,-3,-1,-1
2925387.0,-3,-1,-1
2925388.0,5,3225259367,173
2925389.0,-3,-1,-1
2925390.0,-3,-1,-1
2925391.0,-3,-1,-1
2925392.0,5,3225259367,173
2925393.0,-3,-1,-1
2925394.0,-3,-1,-1
2925395.0,-3,-1,-1
2925396.0,5,3225259367,173
2925397.0,-3,-1,-1
2925398.0,5,3225259367,173
2925399.0,-3,-1,-1
2925400.0,-3,-1,-1
2925401.0,-3,-1,-1
2925402.0,2,-1,-1
2925403.0,2,28399988003,888
2925404.0,-3,-1,-1
2925405.0,-3,-1,-1
2925406.0,2,-1,-1
2925407.0,-3,-1,-1
2925408.0,2,28399988003,888
2925409.0,-3,-1,-1
2925410.0,-3,-1,-1
2925411.0,2,-1,-1
2925412.0,-3,-1,-1
2925413.0,2,28399988003,888
2925414.0,-3,-1,-1
2925415.0,2,-1,-1
2925416.0,-3,-1,-1
2925417.0,2,28399988003,888
2925418.0,-3,389592220,471
2925419.0,-3,-1,-1
2925420.0,-3,389592220,471
2925421.0,3,8065950137,123
2925422.0,-3,-1,-1
2925423.0,-3,389592220,471
2925424.0,3,8065950137,123
2925425.0,-3,-1,-1
2925426.0,-3,389592220,471
2925427.0,-3,-1,-1
2925428.0,-3,-1,-1
2925429.0,6,-1,700
2925430.0,6,-1,700
2925431.0,-3,-1,-1
2925432.0,-3,389592220,471
2925433.0,-3,389592220,471
2925434.0,-3,-1,-1
2925435.0,-3,-1,-1
2925436.0,3,700000000,6
2925437.0,-3,-1,-1
2925438.0,3,700000000,6
2925439.0,-3,-1,-1
2925440.0,3,700000000,6
2925441.0,-3,-1,-1
2925442.0,3,700000000,6
2925443.0,42,4348396530,179
2925444.0,-3,-1,-1
2925445.0,1,8150077272,281
2925446.0,-3,-1,-1
2925447.0,1,8150077272,281
2925448.0,-3,-1,-1
2925449.0,1,8150077272,281
2925450.0,-3,-1,-1
2925451.0,1,8150077272,281
2925452.0,42,4348396530,179
2925453.0,-3,-1,-1
2925454.0,-3,-1,-1
2925455.0,-3,-1,-1
2925456.0,4,1000000000,4
2925457.0,-3,-1,-1
2925458.0,4,1000000000,4
2925459.0,-3,-1,-1
2925460.0,4,1000000000,4
2925461.0,-3,-1,-1
2925462.0,-3,-1,-1
2925463.0,-3,-1,-1
2925464.0,3,307403141,125
2925465.0,2,-1,-1
2925466.0,4,1000000000,4
2925467.0,-3,-1,-1
2925468.0,-3,-1,-1
2925469.0,-3,-1,-1
2925470.0,-3,-1,-1
2925471.0,-3,-1,-1
2925472.0,3,307403141,125
2925473.0,2,-1,-1
2925474.0,-3,-1,-1
2925475.0,-3,-1,-1
2925476.0,3,307403141,125
2925477.0,-3,-1,-1
2925478.0,3,307403141,125
2925479.0,-3,-1,-1
2925480.0,2,-1,-1
2925481.0,-3,-1,-1
2925482.0,2,-1,-1
2925483.0,-3,-1,-1
2925484.0,-3,-1,187
2925485.0,-3,-1,187
2925486.0,2,3767550595,369
2925487.0,-3,-1,-1
2925488.0,-3,-1,-1
2925489.0,-3,-1,-1
2925490.0,2,3767550595,369
2925491.0,-3,-1,-1
2925492.0,-3,1374999700,263
2925493.0,2,3767550595,369
2925494.0,-3,-1,-1
2925495.0,8,431182433,299
2925496.0,-3,-1,-1
2925497.0,2,3767550595,369
2925498.0,-3,1374999700,263
2925499.0,-3,-1,-1
2925500.0,8,431182433,299
2925501.0,-3,-1,-1
2925502.0,-3,-1,-1
2925503.0,8,431182433,299
2925504.0,-3,1374999700,263
2925505.0,-3,-1,-1
2925506.0,8,431182433,299
2925507.0,-3,1374999700,263
2925508.0,1,7045370606,553
2925509.0,1,7045370606,553
2925510.0,2,3692414810,106
2925511.0,-3,-1,-1
2925512.0,-3,-1,-1
2925513.0,2,3692414810,106
2925514.0,2,41667400,680
2925515.0,42,4348396530,179
2925516.0,2,41667400,680
2925517.0,-3,-1,-1
2925518.0,-3,-1,-1
2925519.0,-3,-1,-1
2925520.0,1,-1,-1
2925521.0,1,7045370606,553
2925522.0,1,-1,-1
2925523.0,2,-1,-1
2925524.0,1,7045370606,553
2925525.0,-3,-1,-1
2925526.0,42,4348396530,179
2925527.0,2,-1,-1
2925528.0,-3,-1,-1
2925529.0,-3,-1,-1
2925530.0,2,-1,-1
2925531.0,-3,-1,-1
2925532.0,4,1000000000,4
2925533.0,-3,-1,-1
2925534.0,2,-1,-1
2925535.0,4,1000000000,4
2925536.0,-3,-1,-1
2925537.0,-3,-1,-1
2925538.0,5,136001300,29
2925539.0,-3,-1,-1
2925540.0,5,136001300,29
2925541.0,-3,-1,-1
2925542.0,5,136001300,29
2925543.0,5,136001300,29
2925544.0,-3,-1,-1
2925545.0,-3,1008000000,113
2925546.0,-3,-1,-1
2925547.0,-3,-1,-1
2925548.0,-3,1008000000,113
2925549.0,-3,-1,-1
2925550.0,-3,1008000000,113
2925551.0,1,-1,-1
2925552.0,-3,1008000000,113
2925553.0,1,-1,-1
2925554.0,-3,-1,-1
2925555.0,-3,-1,-1
2925556.0,-3,-1,-1
2925557.0,-3,-1,-1
2925558.0,1,-1,-1
2925559.0,-3,-1,-1
2925560.0,-3,-1,-1
2925561.0,-3,-1,-1
2925562.0,1,-1,-1
2925563.0,-3,-1,-1
2925564.0,1,-1,-1
2925565.0,-3,-1,-1
2925566.0,1,-1,-1
2925567.0,-3,-1,-1
2925568.0,-3,-1,-1
2925569.0,-3,-1,-1
2925570.0,5,3225259367,173
2925571.0,5,3225259367,173
2925572.0,2,364000000,34
2925573.0,-3,-1,-1
2925574.0,-3,-1,-1
2925575.0,2,364000000,34
2925576.0,-3,-1,-1
2925577.0,2,364000000,34
2925578.0,2,364000000,34
2925579.0,-3,-1,-1
2925580.0,-3,-1,-1
2925581.0,-3,-1,-1
2925582.0,11,11528774954,309
2925583.0,-3,-1,71
2925584.0,-3,-1,-1
2925585.0,11,11528774954,309
2925586.0,-3,-1,71
2925587.0,42,4348396530,179
2925588.0,2,-1,-1
2925589.0,-3,-1,-1
2925590.0,2,-1,-1
2925591.0,-3,-1,-1
2925592.0,-3,-1,-1
2925593.0,2,-1,-1
2925594.0,-3,-1,-1
2925595.0,2,-1,-1
2925596.0,-3,-1,-1
2925597.0,-3,456374022,206
2925598.0,-3,-1,-1
2925599.0,-3,-1,-1
2925600.0,-3,456374022,206
2925601.0,-3,-1,-1
2925602.0,42,4348396530,179
2925603.0,-3,456374022,206
2925604.0,-3,-1,-1
2925605.0,-3,11013249426,54
2925606.0,-3,456374022,206
2925607.0,-3,11013249426,54
2925608.0,-3,-1,-1
2925609.0,-3,-1,-1
2925610.0,-3,-1,-1
2925611.0,-3,-1,-1
2925612.0,-3,-1,-1
2925613.0,-3,-1,-1
2925614.0,-3,-1,-1
2925615.0,2,-1,-1
2925616.0,-3,-1,-1
2925617.0,2,-1,-1
2925618.0,-3,-1,-1
2925619.0,2,-1,-1
2925620.0,2,-1,-1
2925621.0,-3,-1,-1
2925622.0,-3,-1,-1
2925623.0,1,-1,-1
2925624.0,-3,-1,-1
2925625.0,1,-1,-1
2925626.0,-3,-1,-1
2925627.0,4,333333500,236
2925628.0,1,-1,-1
2925629.0,4,333333500,236
2925630.0,1,-1,-1
2925631.0,-3,-1,-1
2925632.0,-3,-1,-1
2925633.0,-3,-1,-1
2925634.0,-3,-1,-1
2925635.0,-3,-1,-1
2925636.0,-3,-1,-1
2925637.0,-3,-1,-1
2925638.0,-3,-1,-1
2925639.0,-3,-1,-1
2925640.0,13,-1,-1
2925641.0,-3,-1,-1
2925642.0,-3,-1,-1
2925643.0,-3,591134623,185
2925644.0,13,-1,-1
2925645.0,-3,-1,-1
2925646.0,-3,-1,-1
2925647.0,-3,591134623,185
2925648.0,-3,-1,-1
2925649.0,-3,-1,-1
2925650.0,1,3369374993,50
2925651.0,13,-1,-1
2925652.0,-3,-1,-1
2925653.0,-3,591134623,185
2925654.0,1,3369374993,50
2925655.0,13,-1,-1
2925656.0,-3,-1,-1
2925657.0,-3,591134623,185
2925658.0,-3,-1,-1
2925659.0,1,3369374993,50
2925660.0,1,3369374993,50
2925661.0,4,1947640089,15
2925662.0,4,1947640089,15
2925663.0,-3,-1,-1
2925664.0,2,-1,4
2925665.0,-3,-1,-1
2925666.0,-3,-1,-1
2925667.0,-3,-1,-1
2925668.0,2,-1,4
2925669.0,-3,-1,-1
2925670.0,-3,-1,-1
2925671.0,-3,-1,-1
2925672.0,2,-1,4
2925673.0,-3,-1,-1
2925674.0,-3,-1,-1
2925675.0,2,-1,4
2925676.0,-3,-1,-1
2925677.0,-3,-1,-1
2925678.0,-3,-1,-1
2925679.0,2,-1,-1
2925680.0,2,-1,-1
2925681.0,-3,-1,-1
2925682.0,-3,-1,-1
2925683.0,-3,-1,-1
2925684.0,-3,591134623,185
2925685.0,-3,-1,-1
2925686.0,-3,591134623,185
2925687.0,3,-1,-1
2925688.0,-3,-1,-1
2925689.0,-3,-1,-1
2925690.0,-3,-1,-1
2925691.0,-3,-1,-1
2925692.0,3,-1,-1
2925693.0,-3,-1,-1
2925694.0,-3,-1,-1
2925695.0,-3,-1,-1
2925696.0,3,-1,-1
2925697.0,-3,-1,-1
2925698.0,-3,-1,-1
2925699.0,3,-1,-1
2925700.0,-3,-1,-1
2925701.0,-3,-1,-1
2925702.0,-3,-1,-1
2925703.0,-3,-1,-1
2925704.0,-3,-1,357
2925705.0,-3,-1,-1
2925706.0,6,1162641874,27
2925707.0,-3,-1,-1
2925708.0,-3,-1,-1
2925709.0,-3,-1,357
2925710.0,-3,-1,-1
2925711.0,6,1162641874,27
2925712.0,-3,-1,-1
2925713.0,-3,-1,357
2925714.0,-3,-1,-1
2925715.0,-3,-1,-1
2925716.0,-3,-1,357
2925717.0,2,1361270216,421
2925718.0,-3,-1,-1
2925719.0,2,1361270216,421
2925720.0,2,-1,-1
2925721.0,-3,-1,-1
2925722.0,2,-1,-1
2925723.0,-3,-1,-1
2925724.0,2,-1,-1
2925725.0,2,-1,4
2925726.0,-3,-1,-1
2925727.0,-3,-1,-1
2925728.0,-3,-1,-1
2925729.0,-3,-1,-1
2925730.0,2,-1,-1
2925731.0,2,-1,4
2925732.0,-3,-1,-1
2925733.0,-3,-1,-1
2925734.0,2,-1,4
2925735.0,-3,-1,-1
2925736.0,1,-1,-1
2925737.0,-3,-1,-1
2925738.0,5,4491314039,56
2925739.0,2,-1,4
2925740.0,1,1469998800,15
2925741.0,-3,-1,-1
2925742.0,-3,-1,-1
2925743.0,-3,-1,-1
2925744.0,1,-1,-1
2925745.0,-3,-1,-1
2925746.0,5,4491314039,56
2925747.0,1,1469998800,15
2925748.0,-3,-1,-1
2925749.0,-3,-1,-1
2925750.0,2,707319423,223
2925751.0,-3,-1,-1
2925752.0,-3,-1,-1
2925753.0,2,707319423,223
2925754.0,-3,-1,-1
2925755.0,2,707319423,223
2925756.0,-3,-1,-1
2925757.0,2,707319423,223
2925758.0,-3,-1,-1
2925759.0,2,-1,-1
2925760.0,-3,-1,-1
2925761.0,-3,-1,-1
2925762.0,2,-1,-1
2925763.0,-3,-1,-1
2925764.0,3,-1,0
2925765.0,2,-1,-1
2925766.0,-3,-1,-1
2925767.0,2,-1,-1
2925768.0,-3,-1,-1
2925769.0,3,-1,0
2925770.0,-3,-1,-1
2925771.0,2,-1,-1
2925772.0,3,-1,-1
2925773.0,2,-1,-1
2925774.0,-3,-1,-1
2925775.0,-3,-1,-1
2925776.0,3,-1,0
2925777.0,-3,-1,-1
2925778.0,-3,-1,-1
2925779.0,3,-1,-1
2925780.0,-3,-1,-1
2925781.0,3,-1,0
2925782.0,-3,-1,-1
2925783.0,2,-1,-1
2925784.0,-3,-1,-1
2925785.0,3,-1,-1
2925786.0,2,-1,-1
2925787.0,3,-1,-1
2925788.0,-3,-1,299
2925789.0,-3,-1,-1
2925790.0,-3,-1,299
2925791.0,-3,-1,-1
2925792.0,4,-1,51
2925793.0,-3,-1,299
2925794.0,-3,-1,-1
2925795.0,-3,-1,299
2925796.0,4,-1,51
2925797.0,-3,-1,-1
2925798.0,-3,-1,-1
2925799.0,-3,-1,-1
2925800.0,4,-1,51
2925801.0,4,-1,51
2925802.0,2,-1,-1
2925803.0,-3,-1,-1
2925804.0,-3,-1,-1
2925805.0,-3,-1,-1
2925806.0,2,-1,-1
2925807.0,-3,-1,-1
2925808.0,-3,-1,-1
2925809.0,-3,-1,-1
2925810.0,2,-1,-1
2925811.0,-3,-1,-1
2925812.0,2,-1,-1
2925813.0,-3,-1,-1
2925814.0,-3,-1,-1
2925815.0,-3,-1,-1
2925816.0,-3,-1,-1
2925817.0,1,1121317,70
2925818.0,-3,-1,-1
2925819.0,-3,-1,-1
2925820.0,1,1121317,70
2925821.0,-3,-1,-1
2925822.0,-3,-1,-1
2925823.0,-3,-1,-1
2925824.0,-3,-1,-1
2925825.0,-3,-1,-1
2925826.0,-3,-1,-1
2925827.0,1,1121317,70
2925828.0,-3,-1,-1
2925829.0,-3,-1,-1
2925830.0,1,1121317,70
2925831.0,-3,-1,-1
2925832.0,-3,-1,-1
2925833.0,-3,-1,-1
2925834.0,-3,-1,-1
2925835.0,-3,-1,-1
2925836.0,-3,-1,-1
2925837.0,-3,-1,-1
2925838.0,9,953687751,74
2925839.0,-3,426275198,139
2925840.0,-3,-1,-1
2925841.0,-3,426275198,139
2925842.0,9,953687751,74
2925843.0,-3,-1,-1
2925844.0,14,1148778676,54
2925845.0,9,953687751,74
2925846.0,-3,-1,-1
2925847.0,14,1148778676,54
2925848.0,9,953687751,74
2925849.0,-3,-1,-1
2925850.0,-3,-1,-1
2925851.0,14,1148778676,54
2925852.0,-3,-1,-1
2925853.0,14,1148778676,54
2925854.0,1,250000000,84
2925855.0,-3,-1,-1
2925856.0,1,250000000,84
2925857.0,-3,-1,-1
2925858.0,1,250000000,84
2925859.0,-3,-1,-1
2925860.0,1,250000000,84
2925861.0,-3,-1,-1
2925862.0,-3,-1,-1
2925863.0,-3,-1,-1
2925864.0,-3,-1,-1
2925865.0,-3,-1,-1
2925866.0,-3,-1,-1
2925867.0,-3,-1,-1
2925868.0,-3,-1,-1
2925869.0,5,32700000000,13
2925870.0,-3,-1,-1
2925871.0,-3,-1,-1
2925872.0,5,32700000000,13
2925873.0,-3,-1,-1
2925874.0,-3,-1,-1
2925875.0,6,-1,-1
2925876.0,-3,-1,187
2925877.0,-3,-1,-1
2925878.0,-3,-1,-1
2925879.0,-3,-1,-1
2925880.0,-3,-1,-1
2925881.0,6,-1,-1
2925882.0,-3,-1,187
2925883.0,-3,-1,-1
2925884.0,-3,-1,-1
2925885.0,-3,-1,-1
2925886.0,-3,-1,-1
2925887.0,6,-1,-1
2925888.0,-3,-1,-1
2925889.0,-3,-1,-1
2925890.0,6,-1,-1
2925891.0,-3,-1,-1
2925892.0,-3,-1,-1
2925893.0,8,-1,4
2925894.0,-3,-1,-1
2925895.0,-3,-1,-1
2925896.0,-3,-1,-1
2925897.0,8,-1,4
2925898.0,-3,-1,-1
2925899.0,3,-1,0
2925900.0,1,1483485809,294
2925901.0,8,-1,4
2925902.0,3,-1,0
2925903.0,8,-1,4
2925904.0,1,1483485809,294
2925905.0,-3,-1,-1
2925906.0,-3,-1,-1
2925907.0,1,-1,-1
2925908.0,-3,-1,-1
2925909.0,-3,-1,-1
2925910.0,-3,-1,-1
2925911.0,1,-1,-1
2925912.0,-3,-1,-1
2925913.0,-3,-1,-1
2925914.0,-3,-1,-1
2925915.0,-3,-1,-1
2925916.0,-3,-1,-1
2925917.0,1,-1,-1
2925918.0,-3,-1,-1
2925919.0,2,-1,-1
2925920.0,-3,-1,-1
2925921.0,1,-1,-1
2925922.0,-3,-1,-1
2925923.0,-3,-1,-1
2925924.0,-3,-1,-1
2925925.0,2,-1,-1
2925926.0,-3,-1,-1
2925927.0,-3,-1,-1
2925928.0,-3,3281945205,151
2925929.0,-3,-1,195
2925930.0,-3,-1,-1
2925931.0,-3,-1,-1
2925932.0,-3,-1,-1
2925933.0,-3,-1,-1
2925934.0,-3,-1,-1
2925935.0,1,491809096,118
2925936.0,-3,-1,-1
2925937.0,-3,-1,195
2925938.0,-3,-1,-1
2925939.0,-3,3281945205,151
2925940.0,-3,-1,-1
2925941.0,-3,-1,-1
2925942.0,-3,-1,-1
2925943.0,-3,-1,-1
2925944.0,1,491809096,118
2925945.0,-3,-1,-1
2925946.0,-3,-1,-1
2925947.0,-3,3281945205,151
2925948.0,1,-1,-1
2925949.0,-3,3281945205,151
2925950.0,-3,-1,-1
2925951.0,1,-1,-1
2925952.0,-3,-1,-1
2925953.0,13,3319227081,71
2925954.0,13,3319227081,71
2925955.0,1,-1,-1
2925956.0,1,-1,-1
2925957.0,-3,-1,-1
2925958.0,-3,-1,-1
2925959.0,-3,-1,-1
2925960.0,2,4681739639,88
2925961.0,4,1923205715,168
2925962.0,2,10435758829,172
2925963.0,-3,-1,-1
2925964.0,-3,-1,-1
2925965.0,2,4681739639,88
2925966.0,4,1923205715,168
2925967.0,2,10435758829,172
2925968.0,-3,-1,-1
2925969.0,-3,-1,-1
2925970.0,-3,-1,-1
2925971.0,2,10435758829,172
2925972.0,4,1923205715,168
2925973.0,2,10435758829,172
2925974.0,4,1923205715,168
2925975.0,-3,-1,-1
2925976.0,-3,-1,-1
2925977.0,-3,-1,-1
2925978.0,-3,-1,-1
2925979.0,-3,-1,-1
2925980.0,-3,-1,-1
2925981.0,-3,-1,-1
2925982.0,2,-1,-1
2925983.0,-3,-1,-1
2925984.0,2,-1,-1
2925985.0,-3,-1,-1
2925986.0,2,-1,-1
2925987.0,-3,-1,-1
2925988.0,2,-1,-1
2925989.0,-3,-1,-1
2925990.0,-3,-1,-1
2925991.0,-3,11942774100,95
2925992.0,-3,-1,-1
2925993.0,-3,-1,-1
2925994.0,-3,-1,-1
2925995.0,-3,11942774100,95
2925996.0,-3,-1,-1
2925997.0,-3,1494204,1023
2925998.0,-3,11942774100,95
2925999.0,-3,1494204,1023
2926000.0,-3,11942774100,95
2926001.0,-3,-1,-1
2926002.0,-3,-1,-1
2926003.0,-3,-1,-1
2926004.0,-3,-1,-1
2926005.0,-3,-1,-1
2926006.0,-3,-1,-1
2926007.0,-3,-1,-1
2926008.0,2,-1,-1
2926009.0,-3,-1,-1
2926010.0,2,-1,-1
2926011.0,-3,-1,-1
2926012.0,-3,-1,-1
2926013.0,2,-1,-1
2926014.0,2,-1,-1
2926015.0,-3,-1,-1
2926016.0,-3,-1,187
2926017.0,-3,-1,-1
2926018.0,-3,-1,187
2926019.0,6,-1,-1
2926020.0,6,-1,-1
2926021.0,1,-1,-1
2926022.0,-3,-1,-1
2926023.0,1,-1,-1
2926024.0,5,2655000001,68
2926025.0,-3,-1,-1
2926026.0,5,2655000001,68
2926027.0,-3,-1,-1
2926028.0,-3,-1,-1
2926029.0,-3,-1,-1
2926030.0,1,250000000,84
2926031.0,-3,-1,-1
2926032.0,1,250000000,84
2926033.0,-3,-1,-1
2926034.0,-3,-1,-1
2926035.0,-3,-1,-1
2926036.0,-3,-1,-1
2926037.0,5,-1,8
2926038.0,-3,-1,-1
2926039.0,5,-1,8
2926040.0,-3,-1,-1
2926041.0,2,-1,-1
2926042.0,-3,-1,-1
2926043.0,34,1046032985,48
2926044.0,1,-1,-1
2926045.0,5,-1,8
2926046.0,-3,-1,-1
2926047.0,-3,-1,-1
2926048.0,2,-1,-1
2926049.0,-3,-1,-1
2926050.0,-3,-1,-1
2926051.0,34,1046032985,48
2926052.0,1,-1,-1
2926053.0,5,-1,8
2926054.0,-3,-1,-1
2926055.0,-3,-1,-1
2926056.0,2,-1,-1
2926057.0,-3,-1,-1
2926058.0,34,1046032985,48
2926059.0,-3,-1,-1
2926060.0,2,-1,-1
2926061.0,-3,-1,-1
2926062.0,-3,-1,-1
2926063.0,34,1046032985,48
2926064.0,-3,-1,-1
2926065.0,-3,-1,-1
2926066.0,-3,7269311925,1778
2926067.0,-3,-1,-1
2926068.0,-3,-1,-1
2926069.0,18,3055510510,15
2926070.0,-3,7269311925,1778
2926071.0,18,3055510510,15
2926072.0,-3,-1,-1
2926073.0,-3,-1,-1
2926074.0,-3,-1,-1
2926075.0,-3,967499164,172
2926076.0,-3,-1,-1
2926077.0,-3,-1,-1
2926078.0,-3,-1,-1
2926079.0,-3,-1,-1
2926080.0,-3,-1,-1
2926081.0,-3,967499164,172
2926082.0,-3,-1,-1
2926083.0,-3,-1,-1
2926084.0,-3,-1,-1
2926085.0,-3,-1,-1
2926086.0,-3,-1,-1
2926087.0,-3,-1,-1
2926088.0,1,259607921,267
2926089.0,1,259607921,267
2926090.0,-3,297334099,257
2926091.0,-3,-1,-1
2926092.0,-3,297334099,257
2926093.0,-3,-1,-1
2926094.0,-3,297334099,257
2926095.0,-3,-1,-1
2926096.0,-3,297334099,257
2926097.0,-3,-1,-1
2926098.0,-3,-1,-1
2926099.0,-3,-1,-1
2926100.0,-3,-1,-1
2926101.0,-3,2845763433,146
2926102.0,-3,2845763433,146
2926103.0,-3,-1,-1
2926104.0,9,737240233,39
2926105.0,2,-1,-1
2926106.0,-3,-1,-1
2926107.0,2,-1,-1
2926108.0,-3,-1,-1
2926109.0,9,737240233,39
2926110.0,-3,-1,-1
2926111.0,-3,297334099,257
2926112.0,-3,-1,-1
2926113.0,2,-1,-1
2926114.0,-3,297334099,257
2926115.0,-3,18187711912,833
2926116.0,-3,-1,-1
2926117.0,2,-1,-1
2926118.0,-3,-1,-1
2926119.0,-3,-1,-1
2926120.0,2,-1,-1
2926121.0,-3,-1,-1
2926122.0,-3,-1,-1
2926123.0,2,-1,-1
2926124.0,-3,18187711912,833
2926125.0,-3,-1,-1
2926126.0,-3,-1,-1
2926127.0,-3,-1,-1
2926128.0,-3,-1,-1
2926129.0,-3,18187711912,833
2926130.0,-3,-1,-1
2926131.0,-3,-1,-1
2926132.0,-3,-1,-1
2926133.0,-3,18187711912,833
2926134.0,-3,-1,-1
2926135.0,-3,-1,-1
2926136.0,-3,-1,-1
2926137.0,-3,-1,-1
2926138.0,34,1046032985,48
2926139.0,-3,-1,-1
2926140.0,-3,-1,-1
2926141.0,34,1046032985,48
2926142.0,-3,-1,-1
2926143.0,-3,-1,-1
2926144.0,-3,-1,-1
2926145.0,-3,-1,-1
2926146.0,-3,-1,-1
2926147.0,-3,-1,-1
2926148.0,-3,-1,-1
2926149.0,-3,-1,-1
2926150.0,-3,-1,-1
2926151.0,-3,-1,-1
2926152.0,-3,-1,-1
2926153.0,-3,-1,-1
2926154.0,-3,-1,-1
2926155.0,-3,505555560,309
2926156.0,-3,-1,-1
2926157.0,-3,-1,-1
2926158.0,-3,-1,-1
2926159.0,2,-1,-1
2926160.0,-3,-1,-1
2926161.0,-3,505555560,309
2926162.0,-3,-1,-1
2926163.0,-3,-1,-1
2926164.0,-3,-1,-1
2926165.0,-3,-1,-1
2926166.0,-3,505555560,309
2926167.0,2,-1,-1
2926168.0,-3,-1,-1
2926169.0,-3,-1,-1
2926170.0,-3,505555560,309
2926171.0,-3,-1,-1
2926172.0,2,-1,-1
2926173.0,-3,-1,-1
2926174.0,-3,-1,-1
2926175.0,2,-1,-1
2926176.0,-3,-1,-1
2926177.0,-3,-1,-1
2926178.0,-3,-1,-1
2926179.0,-3,-1,-1
2926180.0,-3,-1,-1
2926181.0,-3,-1,-1
2926182.0,-3,-1,-1
2926183.0,-3,-1,-1
2926184.0,2,1766563873,155
2926185.0,-3,-1,-1
2926186.0,2,1766563873,155
2926187.0,-3,-1,-1
2926188.0,-3,-1,-1
2926189.0,2,-1,-1
2926190.0,-3,-1,-1
2926191.0,2,-1,-1
2926192.0,-3,-1,-1
2926193.0,4,1930703189,49
2926194.0,4,1930703189,49
2926195.0,2,-1,-1
2926196.0,2,-1,-1
2926197.0,-3,-1,-1
2926198.0,-3,-1,-1
2926199.0,-3,217320883,729
2926200.0,-3,-1,-1
2926201.0,-3,217320883,729
2926202.0,-3,-1,-1
2926203.0,-3,-1,-1
2926204.0,-3,-1,-1
2926205.0,-3,217320883,729
2926206.0,-3,-1,-1
2926207.0,-3,-1,-1
2926208.0,-3,-1,-1
2926209.0,-3,-1,-1
